[
    {
        "url": "https://www.absher.sa/wps/portal/individuals/Home/homepublic/",
        "label": 1
    },
    {
        "url": "https://www.openphish.com/",
        "label": 1
    },
    {
        "url": "https://www.my.gov.sa/wps/portal/snp/main",
        "label": 1
    },
    {
        "url": "https://wheatsapp.com/",
        "label": 0
    },
    {
        "url": "https://www.hrsd.gov.sa/",
        "label": 1
    },
    {
        "url": "https://instagram-login-page-211.github.io/instagram/",
        "label": 0
    },
    {
        "url": "https://www.spa.gov.sa/",
        "label": 1
    },
    {
        "url": "https://dhl-express-group.blogspot.com.uy/",
        "label": 0
    },
    {
        "url": "https://www.sro.gov.sa/",
        "label": 1
    },
    {
        "url": "https://anamika-dwivedi.github.io/video-stream/",
        "label": 0
    },
    {
        "url": "https://www.savic.com.sa/",
        "label": 1
    },
    {
        "url": "https://metaxmask-walluet.gitbook.io/us",
        "label": 0
    },
    {
        "url": "https://www.saudiapost.gov.sa/",
        "label": 1
    },
    {
        "url": "https://tdra.gov.ae/",
        "label": 0
    },
    {
        "url": "https://www.mof.gov.sa/",
        "label": 1
    },
    {
        "url": "https://defense.tn/",
        "label": 0
    },
    {
        "url": "https://www.mci.gov.sa/",
        "label": 1
    },
    {
        "url": "https://dgtalboost.com/natwes/natwest3/mobile/security.php",
        "label": 0
    },
    {
        "url": "https://sar.hhr.sa/ar/",
        "label": 1
    },
    {
        "url": "https://denizbankkredibasvurusu.vercel.app/",
        "label": 0
    },
    
    {
        "url": "https://tickets.sar.com.sa/",
        "label": 1
    },
    {
        "url": "https://argo.aiva.group/testt/CH84894/ec416/",
        "label": 0
    },
    {
        "url": "https://www.saudia.com/ar-SA",
        "label": 1
    },
    {
        "url": "https://leadmediaredirect.cfd/sign-in",
        "label": 0
    }
]